{
  "allowMovement": {
    "net.minecraft.client.gui.screens.ReceivingLevelScreen": true,
    "org.anti_ad.mc.ipnext.gui.GUIDEEditorScreen": true,
    "com.uraneptus.fishermens_trap.client.screen.FishtrapScreen": true,
    "mezz.jei.gui.recipes.RecipesGui": true,
    "com.simibubi.create.foundation.blockEntity.behaviour.ValueSettingsScreen": true,
    "net.p3pp3rf1y.sophisticatedbackpacks.client.gui.BackpackScreen": true,
    "com.progwml6.ironchest.client.screen.IronChestScreen": true,
    "rbasamoyai.createbigcannons.munitions.autocannon.ammo_container.AutocannonAmmoContainerScreen": true,
    "com.simibubi.create.content.redstone.link.controller.LinkedControllerScreen": true,
    "com.talhanation.smallships.client.gui.screens.inventory.ShipContainerScreen": true,
    "slimeknights.mantle.client.screen.book.BookScreen": true,
    "slimeknights.tconstruct.smeltery.client.screen.MelterScreen": true,
    "slimeknights.tconstruct.smeltery.client.screen.HeatingStructureScreen": true,
    "dev.ftb.mods.ftblibrary.ui.ScreenWrapper": true,
    "net.minecraft.client.gui.screens.inventory.SmithingScreen": true,
    "fuzs.enchantinginfuser.client.gui.screens.inventory.InfuserScreen": true,
    "uniquebase.gui.EnchantmentGui": true
  },
  "hideBackground": {
    "com.uraneptus.fishermens_trap.client.screen.FishtrapScreen": true,
    "mezz.jei.gui.recipes.RecipesGui": true,
    "com.simibubi.create.foundation.blockEntity.behaviour.ValueSettingsScreen": true,
    "net.p3pp3rf1y.sophisticatedbackpacks.client.gui.BackpackScreen": true,
    "com.progwml6.ironchest.client.screen.IronChestScreen": true,
    "rbasamoyai.createbigcannons.munitions.autocannon.ammo_container.AutocannonAmmoContainerScreen": true,
    "com.simibubi.create.content.redstone.link.controller.LinkedControllerScreen": true,
    "com.talhanation.smallships.client.gui.screens.inventory.ShipContainerScreen": true,
    "slimeknights.tconstruct.smeltery.client.screen.MelterScreen": true,
    "slimeknights.tconstruct.smeltery.client.screen.HeatingStructureScreen": true,
    "dev.ftb.mods.ftblibrary.ui.ScreenWrapper": true,
    "net.minecraft.client.gui.screens.inventory.SmithingScreen": true,
    "fuzs.enchantinginfuser.client.gui.screens.inventory.InfuserScreen": true,
    "uniquebase.gui.EnchantmentGui": true
  }
}