{"net.minecraftforge.event.entity.player.PlayerEvent$LoadFromFile":"net.minecraftforge.event.entity.player.PlayerEvent$LoadFromFile","net.minecraftforge.event.entity.player.PlayerInteractEvent$RightClickItem":"net.minecraftforge.event.entity.player.PlayerInteractEvent$RightClickItem","net.minecraftforge.event.village.VillagerTradesEvent":"net.minecraftforge.event.village.VillagerTradesEvent","net.minecraftforge.client.event.ModelEvent":"net.minecraftforge.client.event.ModelEvent","net.minecraftforge.event.entity.living.LivingDamageEvent":"net.minecraftforge.event.entity.living.LivingDamageEvent","net.minecraftforge.client.event.ScreenEvent$KeyPressed$Post":"net.minecraftforge.client.event.ScreenEvent$KeyPressed$Post","net.minecraftforge.client.event.RenderGuiOverlayEvent":"net.minecraftforge.client.event.RenderGuiOverlayEvent","net.minecraftforge.client.event.RenderLivingEvent":"net.minecraftforge.client.event.RenderLivingEvent","com.ferreusveritas.dynamictrees.deserialisation.JsonDeserialisers$RegistryEvent":"com.ferreusveritas.dynamictrees.deserialisation.JsonDeserialisers$RegistryEvent","net.minecraftforge.event.RegisterCommandsEvent":"net.minecraftforge.event.RegisterCommandsEvent","net.minecraftforge.event.entity.player.PlayerEvent$PlayerChangeGameModeEvent":"net.minecraftforge.event.entity.player.PlayerEvent$PlayerChangeGameModeEvent","net.minecraftforge.event.entity.EntityTeleportEvent$EnderEntity":"net.minecraftforge.event.entity.EntityTeleportEvent$EnderEntity","net.minecraftforge.event.entity.player.EntityItemPickupEvent":"net.minecraftforge.event.entity.player.EntityItemPickupEvent","net.blay09.mods.balm.api.event.client.screen.ScreenMouseEvent":"net.blay09.mods.balm.api.event.client.screen.ScreenMouseEvent","net.minecraftforge.event.entity.living.LivingSpawnEvent$AllowDespawn":"net.minecraftforge.event.entity.living.LivingSpawnEvent$AllowDespawn","net.minecraftforge.event.entity.player.PlayerEvent$PlayerLoggedInEvent":"net.minecraftforge.event.entity.player.PlayerEvent$PlayerLoggedInEvent","net.minecraftforge.event.entity.living.LivingHealEvent":"net.minecraftforge.event.entity.living.LivingHealEvent","net.minecraftforge.client.event.InputEvent$MouseScrollingEvent":"net.minecraftforge.client.event.InputEvent$MouseScrollingEvent","net.minecraftforge.client.event.ScreenEvent$KeyReleased":"net.minecraftforge.client.event.ScreenEvent$KeyReleased","slimeknights.tconstruct.library.modifiers.ModifierManager$ModifiersLoadedEvent":"slimeknights.tconstruct.library.modifiers.ModifierManager$ModifiersLoadedEvent","net.minecraftforge.event.entity.living.BabyEntitySpawnEvent":"net.minecraftforge.event.entity.living.BabyEntitySpawnEvent","net.minecraftforge.fml.event.lifecycle.FMLLoadCompleteEvent":"net.minecraftforge.fml.event.lifecycle.FMLLoadCompleteEvent","com.momosoftworks.coldsweat.api.event.common.ChatComponentClickedEvent":"com.momosoftworks.coldsweat.api.event.common.ChatComponentClickedEvent","net.minecraftforge.client.event.RenderHighlightEvent":"net.minecraftforge.client.event.RenderHighlightEvent","net.minecraftforge.client.event.ViewportEvent$RenderFog":"net.minecraftforge.client.event.ViewportEvent$RenderFog","net.minecraftforge.event.entity.living.LivingEvent$LivingVisibilityEvent":"net.minecraftforge.event.entity.living.LivingEvent$LivingVisibilityEvent","net.minecraftforge.event.level.BlockEvent$FarmlandTrampleEvent":"net.minecraftforge.event.level.BlockEvent$FarmlandTrampleEvent","net.minecraftforge.event.TagsUpdatedEvent":"net.minecraftforge.event.TagsUpdatedEvent","net.minecraftforge.event.entity.player.ItemTooltipEvent":"net.minecraftforge.event.entity.player.ItemTooltipEvent","net.minecraftforge.event.level.LevelEvent$CreateSpawnPosition":"net.minecraftforge.event.level.LevelEvent$CreateSpawnPosition","net.minecraftforge.event.level.BlockEvent$CropGrowEvent":"net.minecraftforge.event.level.BlockEvent$CropGrowEvent","net.minecraftforge.event.level.BlockEvent$BreakEvent":"net.minecraftforge.event.level.BlockEvent$BreakEvent","net.minecraftforge.event.entity.item.ItemEvent":"net.minecraftforge.event.entity.item.ItemEvent","net.minecraftforge.fml.event.config.ModConfigEvent$Reloading":"net.minecraftforge.fml.event.config.ModConfigEvent$Reloading","net.minecraftforge.event.entity.living.LivingEvent$LivingTickEvent":"net.minecraftforge.event.entity.living.LivingEvent$LivingTickEvent","net.minecraftforge.event.entity.player.PlayerContainerEvent":"net.minecraftforge.event.entity.player.PlayerContainerEvent","net.minecraftforge.event.entity.player.SleepingLocationCheckEvent":"net.minecraftforge.event.entity.player.SleepingLocationCheckEvent","net.minecraftforge.event.level.ChunkDataEvent$Save":"net.minecraftforge.event.level.ChunkDataEvent$Save","net.minecraftforge.fml.event.config.ModConfigEvent$Loading":"net.minecraftforge.fml.event.config.ModConfigEvent$Loading","net.minecraftforge.event.entity.player.PlayerInteractEvent$LeftClickBlock":"net.minecraftforge.event.entity.player.PlayerInteractEvent$LeftClickBlock","net.minecraftforge.event.entity.EntityMobGriefingEvent":"net.minecraftforge.event.entity.EntityMobGriefingEvent","net.minecraftforge.registries.IdMappingEvent":"net.minecraftforge.registries.IdMappingEvent","com.ferreusveritas.dynamictrees.api.applier.ApplierRegistryEvent$Load":"com.ferreusveritas.dynamictrees.api.applier.ApplierRegistryEvent$Load","slimeknights.tconstruct.library.events.TinkerToolEvent":"slimeknights.tconstruct.library.events.TinkerToolEvent","net.smileycorp.hordes.common.event.InfectionDeathEvent":"net.smileycorp.hordes.common.event.InfectionDeathEvent","net.minecraftforge.fml.event.lifecycle.ParallelDispatchEvent":"net.minecraftforge.fml.event.lifecycle.ParallelDispatchEvent","vazkii.quark.api.event.RecipeCrawlEvent":"vazkii.quark.api.event.RecipeCrawlEvent","net.minecraftforge.client.event.ScreenEvent$MouseButtonReleased$Post":"net.minecraftforge.client.event.ScreenEvent$MouseButtonReleased$Post","net.minecraftforge.event.OnDatapackSyncEvent":"net.minecraftforge.event.OnDatapackSyncEvent","net.minecraftforge.server.permission.events.PermissionGatherEvent":"net.minecraftforge.server.permission.events.PermissionGatherEvent","net.minecraftforge.fml.event.lifecycle.InterModEnqueueEvent":"net.minecraftforge.fml.event.lifecycle.InterModEnqueueEvent","net.minecraftforge.eventbus.api.GenericEvent":"net.minecraftforge.eventbus.api.GenericEvent","de.markusbordihn.adaptiveperformancetweakscore.server.OptimizationEvent":"de.markusbordihn.adaptiveperformancetweakscore.server.OptimizationEvent","com.simibubi.create.content.kinetics.deployer.DeployerRecipeSearchEvent":"com.simibubi.create.content.kinetics.deployer.DeployerRecipeSearchEvent","net.minecraftforge.client.event.InputEvent$MouseButton$Pre":"net.minecraftforge.client.event.InputEvent$MouseButton$Pre","net.minecraftforge.client.event.RenderGuiOverlayEvent$Post":"net.minecraftforge.client.event.RenderGuiOverlayEvent$Post","net.minecraftforge.event.entity.EntityEvent$EntityConstructing":"net.minecraftforge.event.entity.EntityEvent$EntityConstructing","net.blay09.mods.balm.api.event.BalmEvent":"net.blay09.mods.balm.api.event.BalmEvent","net.minecraftforge.client.event.ScreenEvent$Init$Post":"net.minecraftforge.client.event.ScreenEvent$Init$Post","net.minecraftforge.client.event.RegisterColorHandlersEvent":"net.minecraftforge.client.event.RegisterColorHandlersEvent","net.minecraftforge.client.event.RenderArmEvent":"net.minecraftforge.client.event.RenderArmEvent","net.minecraftforge.event.entity.player.CriticalHitEvent":"net.minecraftforge.event.entity.player.CriticalHitEvent","net.minecraftforge.event.level.ChunkEvent$Load":"net.minecraftforge.event.level.ChunkEvent$Load","net.minecraftforge.event.level.ExplosionEvent$Detonate":"net.minecraftforge.event.level.ExplosionEvent$Detonate","net.minecraftforge.client.event.ModelEvent$RegisterAdditional":"net.minecraftforge.client.event.ModelEvent$RegisterAdditional","net.minecraftforge.event.entity.living.LivingDeathEvent":"net.minecraftforge.event.entity.living.LivingDeathEvent","net.minecraftforge.event.entity.living.AnimalTameEvent":"net.minecraftforge.event.entity.living.AnimalTameEvent","net.minecraftforge.event.RegisterGameTestsEvent":"net.minecraftforge.event.RegisterGameTestsEvent","com.momosoftworks.coldsweat.api.event.common.EntityPickEvent":"com.momosoftworks.coldsweat.api.event.common.EntityPickEvent","net.minecraftforge.event.entity.player.PlayerContainerEvent$Close":"net.minecraftforge.event.entity.player.PlayerContainerEvent$Close","net.minecraftforge.event.entity.living.LivingDropsEvent":"net.minecraftforge.event.entity.living.LivingDropsEvent","net.minecraftforge.event.entity.EntityEvent":"net.minecraftforge.event.entity.EntityEvent","net.minecraftforge.client.event.RenderPlayerEvent$Post":"net.minecraftforge.client.event.RenderPlayerEvent$Post","net.minecraftforge.event.entity.player.PlayerInteractEvent$EntityInteract":"net.minecraftforge.event.entity.player.PlayerInteractEvent$EntityInteract","net.minecraftforge.event.level.BlockEvent$BlockToolModificationEvent":"net.minecraftforge.event.level.BlockEvent$BlockToolModificationEvent","net.minecraftforge.client.event.RecipesUpdatedEvent":"net.minecraftforge.client.event.RecipesUpdatedEvent","net.minecraftforge.event.entity.EntityTeleportEvent$ChorusFruit":"net.minecraftforge.event.entity.EntityTeleportEvent$ChorusFruit","net.minecraftforge.client.event.ScreenEvent$MouseScrolled":"net.minecraftforge.client.event.ScreenEvent$MouseScrolled","net.minecraftforge.event.entity.living.LivingSpawnEvent$SpecialSpawn":"net.minecraftforge.event.entity.living.LivingSpawnEvent$SpecialSpawn","net.minecraftforge.client.event.ScreenEvent$MouseInput":"net.minecraftforge.client.event.ScreenEvent$MouseInput","net.minecraftforge.event.level.ExplosionEvent$Start":"net.minecraftforge.event.level.ExplosionEvent$Start","net.minecraftforge.client.event.ScreenEvent$KeyInput":"net.minecraftforge.client.event.ScreenEvent$KeyInput","com.jozufozu.flywheel.event.BeginFrameEvent":"com.jozufozu.flywheel.event.BeginFrameEvent","net.minecraftforge.event.entity.player.PlayerSleepInBedEvent":"net.minecraftforge.event.entity.player.PlayerSleepInBedEvent","net.minecraftforge.event.entity.living.LivingExperienceDropEvent":"net.minecraftforge.event.entity.living.LivingExperienceDropEvent","net.minecraftforge.client.event.ScreenEvent$KeyReleased$Post":"net.minecraftforge.client.event.ScreenEvent$KeyReleased$Post","com.jozufozu.flywheel.event.RenderLayerEvent":"com.jozufozu.flywheel.event.RenderLayerEvent","net.minecraftforge.client.event.ScreenEvent$Render$Pre":"net.minecraftforge.client.event.ScreenEvent$Render$Pre","slimeknights.tconstruct.library.events.TinkerToolEvent$ToolHarvestEvent":"slimeknights.tconstruct.library.events.TinkerToolEvent$ToolHarvestEvent","net.minecraftforge.event.TickEvent$PlayerTickEvent":"net.minecraftforge.event.TickEvent$PlayerTickEvent","org.zeith.improvableskills.api.evt.VibrationEvent":"org.zeith.improvableskills.api.evt.VibrationEvent","net.minecraftforge.client.event.ContainerScreenEvent$Render":"net.minecraftforge.client.event.ContainerScreenEvent$Render","net.minecraftforge.client.event.ScreenEvent$CharacterTyped$Post":"net.minecraftforge.client.event.ScreenEvent$CharacterTyped$Post","net.minecraftforge.client.event.EntityRenderersEvent$AddLayers":"net.minecraftforge.client.event.EntityRenderersEvent$AddLayers","net.minecraftforge.event.PlayLevelSoundEvent":"net.minecraftforge.event.PlayLevelSoundEvent","net.minecraftforge.event.entity.player.PlayerEvent$StartTracking":"net.minecraftforge.event.entity.player.PlayerEvent$StartTracking","net.minecraftforge.event.level.NoteBlockEvent":"net.minecraftforge.event.level.NoteBlockEvent","net.minecraftforge.event.entity.player.PlayerEvent$ItemPickupEvent":"net.minecraftforge.event.entity.player.PlayerEvent$ItemPickupEvent","net.minecraftforge.client.event.ViewportEvent":"net.minecraftforge.client.event.ViewportEvent","org.zeith.hammerlib.event.player.PlayerLoadedInEvent":"org.zeith.hammerlib.event.player.PlayerLoadedInEvent","net.minecraftforge.event.entity.living.LivingSetAttackTargetEvent":"net.minecraftforge.event.entity.living.LivingSetAttackTargetEvent","net.minecraftforge.client.event.ClientChatReceivedEvent":"net.minecraftforge.client.event.ClientChatReceivedEvent","org.zeith.hammerlib.event.LanguageReloadEvent":"org.zeith.hammerlib.event.LanguageReloadEvent","net.minecraftforge.event.level.ExplosionEvent":"net.minecraftforge.event.level.ExplosionEvent","net.minecraftforge.client.event.RenderLevelStageEvent$RegisterStageEvent":"net.minecraftforge.client.event.RenderLevelStageEvent$RegisterStageEvent","com.momosoftworks.coldsweat.api.event.common.TempModifierEvent":"com.momosoftworks.coldsweat.api.event.common.TempModifierEvent","net.minecraftforge.event.level.LevelEvent$Save":"net.minecraftforge.event.level.LevelEvent$Save","net.minecraftforge.network.NetworkEvent$ServerCustomPayloadEvent":"net.minecraftforge.network.NetworkEvent$ServerCustomPayloadEvent","com.momosoftworks.coldsweat.api.event.core.BlockTempRegisterEvent":"com.momosoftworks.coldsweat.api.event.core.BlockTempRegisterEvent","net.minecraftforge.client.event.RenderBlockScreenEffectEvent":"net.minecraftforge.client.event.RenderBlockScreenEffectEvent","net.minecraftforge.client.event.EntityRenderersEvent":"net.minecraftforge.client.event.EntityRenderersEvent","net.minecraftforge.client.event.ScreenEvent$KeyReleased$Pre":"net.minecraftforge.client.event.ScreenEvent$KeyReleased$Pre","net.minecraftforge.client.event.ScreenshotEvent":"net.minecraftforge.client.event.ScreenshotEvent","net.minecraftforge.client.event.ScreenEvent$Init":"net.minecraftforge.client.event.ScreenEvent$Init","net.blay09.mods.balm.api.event.client.screen.ScreenKeyEvent$Press":"net.blay09.mods.balm.api.event.client.screen.ScreenKeyEvent$Press","net.minecraftforge.client.event.RenderTooltipEvent":"net.minecraftforge.client.event.RenderTooltipEvent","net.minecraftforge.client.event.RenderTooltipEvent$Pre":"net.minecraftforge.client.event.RenderTooltipEvent$Pre","net.minecraftforge.event.level.ChunkDataEvent$Load":"net.minecraftforge.event.level.ChunkDataEvent$Load","net.minecraftforge.event.AddPackFindersEvent":"net.minecraftforge.event.AddPackFindersEvent","net.minecraftforge.event.entity.living.LivingChangeTargetEvent":"net.minecraftforge.event.entity.living.LivingChangeTargetEvent","net.minecraftforge.event.entity.EntityAttributeCreationEvent":"net.minecraftforge.event.entity.EntityAttributeCreationEvent","net.minecraftforge.data.event.GatherDataEvent":"net.minecraftforge.data.event.GatherDataEvent","net.minecraftforge.event.entity.living.LivingEntityUseItemEvent":"net.minecraftforge.event.entity.living.LivingEntityUseItemEvent","net.minecraftforge.event.CommandEvent":"net.minecraftforge.event.CommandEvent","net.minecraftforge.client.event.RenderLivingEvent$Post":"net.minecraftforge.client.event.RenderLivingEvent$Post","at.ridgo8.moreoverlays.api.lightoverlay.LightOverlayReloadHandlerEvent":"at.ridgo8.moreoverlays.api.lightoverlay.LightOverlayReloadHandlerEvent","net.minecraftforge.client.event.RegisterColorHandlersEvent$Block":"net.minecraftforge.client.event.RegisterColorHandlersEvent$Block","net.minecraftforge.event.TickEvent$ServerTickEvent":"net.minecraftforge.event.TickEvent$ServerTickEvent","net.minecraftforge.event.entity.player.PlayerEvent$ItemSmeltedEvent":"net.minecraftforge.event.entity.player.PlayerEvent$ItemSmeltedEvent","com.jozufozu.flywheel.event.GatherContextEvent":"com.jozufozu.flywheel.event.GatherContextEvent","net.minecraftforge.event.entity.living.ShieldBlockEvent":"net.minecraftforge.event.entity.living.ShieldBlockEvent","net.minecraftforge.event.server.ServerStoppingEvent":"net.minecraftforge.event.server.ServerStoppingEvent","net.minecraftforge.event.TickEvent$LevelTickEvent":"net.minecraftforge.event.TickEvent$LevelTickEvent","com.ferreusveritas.dynamictrees.api.applier.ApplierRegistryEvent$Common":"com.ferreusveritas.dynamictrees.api.applier.ApplierRegistryEvent$Common","net.minecraftforge.client.event.RegisterColorHandlersEvent$Item":"net.minecraftforge.client.event.RegisterColorHandlersEvent$Item","net.minecraftforge.client.event.ScreenEvent$CharacterTyped$Pre":"net.minecraftforge.client.event.ScreenEvent$CharacterTyped$Pre","net.minecraftforge.event.entity.EntityLeaveLevelEvent":"net.minecraftforge.event.entity.EntityLeaveLevelEvent","net.minecraftforge.client.event.RegisterShadersEvent":"net.minecraftforge.client.event.RegisterShadersEvent","net.minecraftforge.client.event.ScreenEvent$CharacterTyped":"net.minecraftforge.client.event.ScreenEvent$CharacterTyped","net.minecraftforge.event.entity.player.PlayerEvent$ItemCraftedEvent":"net.minecraftforge.event.entity.player.PlayerEvent$ItemCraftedEvent","net.minecraftforge.event.entity.player.PlayerEvent$PlayerChangedDimensionEvent":"net.minecraftforge.event.entity.player.PlayerEvent$PlayerChangedDimensionEvent","net.minecraftforge.event.entity.player.PlayerInteractEvent$RightClickEmpty":"net.minecraftforge.event.entity.player.PlayerInteractEvent$RightClickEmpty","net.minecraftforge.client.event.ViewportEvent$ComputeCameraAngles":"net.minecraftforge.client.event.ViewportEvent$ComputeCameraAngles","net.minecraftforge.event.entity.living.LivingFallEvent":"net.minecraftforge.event.entity.living.LivingFallEvent","net.minecraftforge.client.event.ClientPlayerNetworkEvent":"net.minecraftforge.client.event.ClientPlayerNetworkEvent","net.minecraftforge.client.event.ScreenEvent$MouseScrolled$Pre":"net.minecraftforge.client.event.ScreenEvent$MouseScrolled$Pre","slimeknights.tconstruct.library.events.ToolEquipmentChangeEvent":"slimeknights.tconstruct.library.events.ToolEquipmentChangeEvent","net.blay09.mods.balm.api.event.client.screen.ScreenKeyEvent":"net.blay09.mods.balm.api.event.client.screen.ScreenKeyEvent","net.blay09.mods.balm.api.event.client.screen.ScreenMouseEvent$Click":"net.blay09.mods.balm.api.event.client.screen.ScreenMouseEvent$Click","net.minecraftforge.event.entity.player.PlayerEvent$PlayerRespawnEvent":"net.minecraftforge.event.entity.player.PlayerEvent$PlayerRespawnEvent","net.minecraftforge.registries.MissingMappingsEvent":"net.minecraftforge.registries.MissingMappingsEvent","net.smileycorp.hordes.common.event.SpawnZombiePlayerEvent":"net.smileycorp.hordes.common.event.SpawnZombiePlayerEvent","net.minecraftforge.event.entity.EntityTeleportEvent":"net.minecraftforge.event.entity.EntityTeleportEvent","net.minecraftforge.client.event.ScreenEvent$MouseButtonPressed$Post":"net.minecraftforge.client.event.ScreenEvent$MouseButtonPressed$Post","net.minecraftforge.client.event.ContainerScreenEvent$Render$Background":"net.minecraftforge.client.event.ContainerScreenEvent$Render$Background","net.minecraftforge.event.entity.ProjectileImpactEvent":"net.minecraftforge.event.entity.ProjectileImpactEvent","net.minecraftforge.client.event.TextureStitchEvent$Pre":"net.minecraftforge.client.event.TextureStitchEvent$Pre","net.minecraftforge.client.event.RenderGuiEvent$Pre":"net.minecraftforge.client.event.RenderGuiEvent$Pre","org.zeith.improvableskills.api.evt.ApplySpecialPricesEvent":"org.zeith.improvableskills.api.evt.ApplySpecialPricesEvent","net.minecraftforge.client.event.RegisterClientTooltipComponentFactoriesEvent":"net.minecraftforge.client.event.RegisterClientTooltipComponentFactoriesEvent","net.minecraftforge.client.event.RenderGuiEvent$Post":"net.minecraftforge.client.event.RenderGuiEvent$Post","net.minecraftforge.event.furnace.FurnaceFuelBurnTimeEvent":"net.minecraftforge.event.furnace.FurnaceFuelBurnTimeEvent","net.minecraftforge.client.event.RegisterGuiOverlaysEvent":"net.minecraftforge.client.event.RegisterGuiOverlaysEvent","net.minecraftforge.client.event.ScreenEvent$Closing":"net.minecraftforge.client.event.ScreenEvent$Closing","net.minecraftforge.event.entity.player.AnvilRepairEvent":"net.minecraftforge.event.entity.player.AnvilRepairEvent","net.minecraftforge.event.AddReloadListenerEvent":"net.minecraftforge.event.AddReloadListenerEvent","vazkii.quark.api.event.RecipeCrawlEvent$Visit$Shaped":"vazkii.quark.api.event.RecipeCrawlEvent$Visit$Shaped","net.minecraftforge.event.entity.EntityJoinLevelEvent":"net.minecraftforge.event.entity.EntityJoinLevelEvent","net.minecraftforge.client.event.InputEvent$MouseButton$Post":"net.minecraftforge.client.event.InputEvent$MouseButton$Post","net.minecraftforge.client.event.ScreenEvent$MouseDragged":"net.minecraftforge.client.event.ScreenEvent$MouseDragged","net.minecraftforge.event.level.LevelEvent":"net.minecraftforge.event.level.LevelEvent","net.minecraftforge.client.event.RenderHandEvent":"net.minecraftforge.client.event.RenderHandEvent","net.minecraftforge.client.event.ScreenEvent$MouseScrolled$Post":"net.minecraftforge.client.event.ScreenEvent$MouseScrolled$Post","net.minecraftforge.event.entity.player.FillBucketEvent":"net.minecraftforge.event.entity.player.FillBucketEvent","org.zeith.hammerlib.event.recipe.SpoofRecipesEvent":"org.zeith.hammerlib.event.recipe.SpoofRecipesEvent","net.minecraftforge.event.entity.player.BonemealEvent":"net.minecraftforge.event.entity.player.BonemealEvent","net.minecraftforge.event.entity.player.PlayerEvent":"net.minecraftforge.event.entity.player.PlayerEvent","net.minecraftforge.fml.event.lifecycle.InterModProcessEvent":"net.minecraftforge.fml.event.lifecycle.InterModProcessEvent","de.markusbordihn.adaptiveperformancetweakscore.server.ServerLevelLoadEvent":"de.markusbordihn.adaptiveperformancetweakscore.server.ServerLevelLoadEvent","vazkii.quark.api.event.RecipeCrawlEvent$Reset":"vazkii.quark.api.event.RecipeCrawlEvent$Reset","vazkii.quark.api.event.UsageTickerEvent":"vazkii.quark.api.event.UsageTickerEvent","com.ferreusveritas.dynamictrees.api.applier.ApplierRegistryEvent$GatherData":"com.ferreusveritas.dynamictrees.api.applier.ApplierRegistryEvent$GatherData","net.minecraftforge.client.event.RenderLivingEvent$Pre":"net.minecraftforge.client.event.RenderLivingEvent$Pre","net.minecraftforge.event.entity.living.LivingConversionEvent$Post":"net.minecraftforge.event.entity.living.LivingConversionEvent$Post","net.minecraftforge.event.entity.living.LivingConversionEvent":"net.minecraftforge.event.entity.living.LivingConversionEvent","net.minecraftforge.event.entity.player.ItemFishedEvent":"net.minecraftforge.event.entity.player.ItemFishedEvent","net.minecraftforge.event.server.ServerStartedEvent":"net.minecraftforge.event.server.ServerStartedEvent","net.minecraftforge.event.ServerChatEvent":"net.minecraftforge.event.ServerChatEvent","net.minecraftforge.client.event.ContainerScreenEvent":"net.minecraftforge.client.event.ContainerScreenEvent","net.minecraftforge.client.event.ScreenEvent":"net.minecraftforge.client.event.ScreenEvent","net.minecraftforge.fml.event.lifecycle.ModLifecycleEvent":"net.minecraftforge.fml.event.lifecycle.ModLifecycleEvent","net.minecraftforge.client.event.ModelEvent$RegisterGeometryLoaders":"net.minecraftforge.client.event.ModelEvent$RegisterGeometryLoaders","org.zeith.improvableskills.api.evt.DamageItemEvent":"org.zeith.improvableskills.api.evt.DamageItemEvent","net.minecraftforge.common.capabilities.RegisterCapabilitiesEvent":"net.minecraftforge.common.capabilities.RegisterCapabilitiesEvent","net.minecraftforge.event.entity.living.MobEffectEvent$Applicable":"net.minecraftforge.event.entity.living.MobEffectEvent$Applicable","net.minecraftforge.client.event.InputEvent":"net.minecraftforge.client.event.InputEvent","net.minecraftforge.client.event.ViewportEvent$ComputeFogColor":"net.minecraftforge.client.event.ViewportEvent$ComputeFogColor","net.minecraftforge.client.event.ScreenEvent$MouseDragged$Pre":"net.minecraftforge.client.event.ScreenEvent$MouseDragged$Pre","net.minecraftforge.registries.RegisterEvent":"net.minecraftforge.registries.RegisterEvent","com.ferreusveritas.dynamictrees.api.applier.ApplierRegistryEvent":"com.ferreusveritas.dynamictrees.api.applier.ApplierRegistryEvent","net.minecraftforge.client.event.RenderPlayerEvent":"net.minecraftforge.client.event.RenderPlayerEvent","net.minecraftforge.client.event.RegisterItemDecorationsEvent":"net.minecraftforge.client.event.RegisterItemDecorationsEvent","net.minecraftforge.client.event.RegisterClientCommandsEvent":"net.minecraftforge.client.event.RegisterClientCommandsEvent","net.minecraftforge.event.DifficultyChangeEvent":"net.minecraftforge.event.DifficultyChangeEvent","com.ferreusveritas.dynamictrees.api.registry.TypeRegistryEvent":"com.ferreusveritas.dynamictrees.api.registry.TypeRegistryEvent","net.minecraftforge.event.level.ChunkDataEvent":"net.minecraftforge.event.level.ChunkDataEvent","net.minecraftforge.client.event.ScreenEvent$MouseButtonPressed":"net.minecraftforge.client.event.ScreenEvent$MouseButtonPressed","net.minecraftforge.event.entity.item.ItemTossEvent":"net.minecraftforge.event.entity.item.ItemTossEvent","net.minecraftforge.client.event.ScreenEvent$KeyPressed$Pre":"net.minecraftforge.client.event.ScreenEvent$KeyPressed$Pre","com.momosoftworks.coldsweat.api.event.core.TempModifierRegisterEvent":"com.momosoftworks.coldsweat.api.event.core.TempModifierRegisterEvent","net.minecraftforge.client.event.ClientChatEvent":"net.minecraftforge.client.event.ClientChatEvent","net.minecraftforge.registries.NewRegistryEvent":"net.minecraftforge.registries.NewRegistryEvent","net.minecraftforge.client.event.InputEvent$Key":"net.minecraftforge.client.event.InputEvent$Key","net.minecraftforge.client.event.ComputeFovModifierEvent":"net.minecraftforge.client.event.ComputeFovModifierEvent","net.minecraftforge.event.entity.living.LivingEntityUseItemEvent$Finish":"net.minecraftforge.event.entity.living.LivingEntityUseItemEvent$Finish","net.minecraftforge.client.event.CustomizeGuiOverlayEvent$DebugText":"net.minecraftforge.client.event.CustomizeGuiOverlayEvent$DebugText","net.minecraftforge.fml.event.lifecycle.FMLDedicatedServerSetupEvent":"net.minecraftforge.fml.event.lifecycle.FMLDedicatedServerSetupEvent","net.minecraftforge.event.entity.living.LivingSpawnEvent$CheckSpawn":"net.minecraftforge.event.entity.living.LivingSpawnEvent$CheckSpawn","net.minecraftforge.event.entity.player.PlayerDestroyItemEvent":"net.minecraftforge.event.entity.player.PlayerDestroyItemEvent","org.zeith.hammerlib.event.recipe.BuildTagsEvent":"org.zeith.hammerlib.event.recipe.BuildTagsEvent","org.zeith.hammerlib.event.recipe.RegisterRecipesEvent":"org.zeith.hammerlib.event.recipe.RegisterRecipesEvent","net.minecraftforge.event.entity.player.PlayerEvent$PlayerLoggedOutEvent":"net.minecraftforge.event.entity.player.PlayerEvent$PlayerLoggedOutEvent","net.minecraftforge.event.entity.player.PlayerInteractEvent":"net.minecraftforge.event.entity.player.PlayerInteractEvent","net.minecraftforge.event.server.ServerAboutToStartEvent":"net.minecraftforge.event.server.ServerAboutToStartEvent","net.minecraftforge.event.level.BlockEvent$EntityPlaceEvent":"net.minecraftforge.event.level.BlockEvent$EntityPlaceEvent","net.minecraftforge.client.event.RenderGuiOverlayEvent$Pre":"net.minecraftforge.client.event.RenderGuiOverlayEvent$Pre","net.minecraftforge.client.event.ScreenEvent$Opening":"net.minecraftforge.client.event.ScreenEvent$Opening","net.minecraftforge.client.event.EntityRenderersEvent$RegisterLayerDefinitions":"net.minecraftforge.client.event.EntityRenderersEvent$RegisterLayerDefinitions","slimeknights.tconstruct.library.client.modifiers.ModifierModelManager$ModifierModelRegistrationEvent":"slimeknights.tconstruct.library.client.modifiers.ModifierModelManager$ModifierModelRegistrationEvent","com.simibubi.create.api.event.PipeCollisionEvent":"com.simibubi.create.api.event.PipeCollisionEvent","net.minecraftforge.client.event.RenderLevelLastEvent":"net.minecraftforge.client.event.RenderLevelLastEvent","net.minecraftforge.network.NetworkEvent$GatherLoginPayloadsEvent":"net.minecraftforge.network.NetworkEvent$GatherLoginPayloadsEvent","vazkii.quark.api.event.RecipeCrawlEvent$Visit":"vazkii.quark.api.event.RecipeCrawlEvent$Visit","net.minecraftforge.event.village.WandererTradesEvent":"net.minecraftforge.event.village.WandererTradesEvent","net.minecraftforge.event.level.ChunkEvent":"net.minecraftforge.event.level.ChunkEvent","slimeknights.tconstruct.library.modifiers.ModifierManager$ModifierRegistrationEvent":"slimeknights.tconstruct.library.modifiers.ModifierManager$ModifierRegistrationEvent","net.minecraftforge.event.entity.player.PlayerInteractEvent$LeftClickEmpty":"net.minecraftforge.event.entity.player.PlayerInteractEvent$LeftClickEmpty","net.minecraftforge.event.ServerChatEvent$Submitted":"net.minecraftforge.event.ServerChatEvent$Submitted","net.minecraftforge.event.TickEvent$RenderTickEvent":"net.minecraftforge.event.TickEvent$RenderTickEvent","net.minecraftforge.event.entity.EntityEvent$Size":"net.minecraftforge.event.entity.EntityEvent$Size","com.simibubi.create.api.event.PipeCollisionEvent$Spill":"com.simibubi.create.api.event.PipeCollisionEvent$Spill","net.minecraftforge.event.entity.living.MobEffectEvent":"net.minecraftforge.event.entity.living.MobEffectEvent","net.minecraftforge.event.server.ServerStoppedEvent":"net.minecraftforge.event.server.ServerStoppedEvent","net.minecraftforge.client.event.ModelEvent$BakingCompleted":"net.minecraftforge.client.event.ModelEvent$BakingCompleted","net.minecraftforge.event.entity.EntityAttributeModificationEvent":"net.minecraftforge.event.entity.EntityAttributeModificationEvent","net.minecraftforge.event.ServerChatEvent$Preview":"net.minecraftforge.event.ServerChatEvent$Preview","net.minecraftforge.event.level.ChunkEvent$Unload":"net.minecraftforge.event.level.ChunkEvent$Unload","net.blay09.mods.cookingforblockheads.api.event.FoodRegistryInitEvent":"net.blay09.mods.cookingforblockheads.api.event.FoodRegistryInitEvent","net.minecraftforge.event.entity.player.AttackEntityEvent":"net.minecraftforge.event.entity.player.AttackEntityEvent","com.momosoftworks.coldsweat.api.event.common.EnableTemperatureEvent":"com.momosoftworks.coldsweat.api.event.common.EnableTemperatureEvent","com.ferreusveritas.dynamictrees.api.applier.ApplierRegistryEvent$Reload":"com.ferreusveritas.dynamictrees.api.applier.ApplierRegistryEvent$Reload","net.minecraftforge.client.event.ScreenEvent$Init$Pre":"net.minecraftforge.client.event.ScreenEvent$Init$Pre","net.minecraftforge.network.NetworkEvent$ClientCustomPayloadEvent":"net.minecraftforge.network.NetworkEvent$ClientCustomPayloadEvent","net.minecraftforge.client.event.RenderNameTagEvent":"net.minecraftforge.client.event.RenderNameTagEvent","net.minecraftforge.fml.event.lifecycle.FMLClientSetupEvent":"net.minecraftforge.fml.event.lifecycle.FMLClientSetupEvent","net.minecraftforge.client.event.MovementInputUpdateEvent":"net.minecraftforge.client.event.MovementInputUpdateEvent","net.minecraftforge.event.entity.player.PlayerInteractEvent$RightClickBlock":"net.minecraftforge.event.entity.player.PlayerInteractEvent$RightClickBlock","net.minecraftforge.event.entity.player.AdvancementEvent":"net.minecraftforge.event.entity.player.AdvancementEvent","net.minecraftforge.client.event.InputEvent$InteractionKeyMappingTriggered":"net.minecraftforge.client.event.InputEvent$InteractionKeyMappingTriggered","net.minecraftforge.event.entity.player.PlayerContainerEvent$Open":"net.minecraftforge.event.entity.player.PlayerContainerEvent$Open","net.minecraftforge.event.entity.living.LivingAttackEvent":"net.minecraftforge.event.entity.living.LivingAttackEvent","net.minecraftforge.client.event.ScreenEvent$MouseDragged$Post":"net.minecraftforge.client.event.ScreenEvent$MouseDragged$Post","org.zeith.improvableskills.api.evt.EntityEnchantmentLevelEvent":"org.zeith.improvableskills.api.evt.EntityEnchantmentLevelEvent","net.minecraftforge.client.event.ClientPlayerNetworkEvent$LoggingIn":"net.minecraftforge.client.event.ClientPlayerNetworkEvent$LoggingIn","net.minecraftforge.client.event.RenderLevelStageEvent":"net.minecraftforge.client.event.RenderLevelStageEvent","net.minecraftforge.event.entity.SpawnPlacementRegisterEvent":"net.minecraftforge.event.entity.SpawnPlacementRegisterEvent","net.minecraftforge.server.permission.events.PermissionGatherEvent$Nodes":"net.minecraftforge.server.permission.events.PermissionGatherEvent$Nodes","net.minecraftforge.client.event.RegisterClientReloadListenersEvent":"net.minecraftforge.client.event.RegisterClientReloadListenersEvent","net.minecraftforge.event.entity.living.LivingConversionEvent$Pre":"net.minecraftforge.event.entity.living.LivingConversionEvent$Pre","vazkii.quark.api.event.QuarkModuleEvent":"vazkii.quark.api.event.QuarkModuleEvent","net.minecraftforge.event.entity.living.LootingLevelEvent":"net.minecraftforge.event.entity.living.LootingLevelEvent","net.minecraftforge.client.event.ContainerScreenEvent$Render$Foreground":"net.minecraftforge.client.event.ContainerScreenEvent$Render$Foreground","net.minecraftforge.event.entity.living.LivingEvent$LivingJumpEvent":"net.minecraftforge.event.entity.living.LivingEvent$LivingJumpEvent","net.minecraftforge.client.event.TextureStitchEvent$Post":"net.minecraftforge.client.event.TextureStitchEvent$Post","net.minecraftforge.client.event.RegisterNamedRenderTypesEvent":"net.minecraftforge.client.event.RegisterNamedRenderTypesEvent","org.zeith.improvableskills.api.evt.CalculateAdditionalFurnaceExperienceMultiplier":"org.zeith.improvableskills.api.evt.CalculateAdditionalFurnaceExperienceMultiplier","net.minecraftforge.client.event.ScreenEvent$MouseButtonReleased$Pre":"net.minecraftforge.client.event.ScreenEvent$MouseButtonReleased$Pre","net.minecraftforge.event.entity.player.PlayerEvent$Clone":"net.minecraftforge.event.entity.player.PlayerEvent$Clone","net.minecraftforge.event.entity.living.LivingKnockBackEvent":"net.minecraftforge.event.entity.living.LivingKnockBackEvent","net.minecraftforge.client.event.EntityRenderersEvent$RegisterRenderers":"net.minecraftforge.client.event.EntityRenderersEvent$RegisterRenderers","net.minecraftforge.client.event.InputEvent$MouseButton":"net.minecraftforge.client.event.InputEvent$MouseButton","net.minecraftforge.event.LootTableLoadEvent":"net.minecraftforge.event.LootTableLoadEvent","net.darkhax.effecttooltips.api.event.StatusEffectTooltipEvent$IndividualEffect":"net.darkhax.effecttooltips.api.event.StatusEffectTooltipEvent$IndividualEffect","net.minecraftforge.event.entity.living.LivingEvent":"net.minecraftforge.event.entity.living.LivingEvent","org.zeith.improvableskills.api.evt.HarvestDropsEvent":"org.zeith.improvableskills.api.evt.HarvestDropsEvent","net.minecraftforge.event.level.NoteBlockEvent$Play":"net.minecraftforge.event.level.NoteBlockEvent$Play","com.momosoftworks.coldsweat.api.event.common.GatherDefaultTempModifiersEvent":"com.momosoftworks.coldsweat.api.event.common.GatherDefaultTempModifiersEvent","net.minecraftforge.event.entity.EntityTeleportEvent$EnderPearl":"net.minecraftforge.event.entity.EntityTeleportEvent$EnderPearl","com.ferreusveritas.dynamictrees.api.registry.RegistryEvent":"com.ferreusveritas.dynamictrees.api.registry.RegistryEvent","net.minecraftforge.event.level.LevelEvent$Load":"net.minecraftforge.event.level.LevelEvent$Load","net.minecraftforge.client.event.RegisterEntitySpectatorShadersEvent":"net.minecraftforge.client.event.RegisterEntitySpectatorShadersEvent","net.minecraftforge.client.event.ScreenEvent$BackgroundRendered":"net.minecraftforge.client.event.ScreenEvent$BackgroundRendered","net.minecraftforge.event.entity.living.LivingEquipmentChangeEvent":"net.minecraftforge.event.entity.living.LivingEquipmentChangeEvent","net.minecraftforge.event.server.ServerLifecycleEvent":"net.minecraftforge.event.server.ServerLifecycleEvent","net.minecraftforge.event.TickEvent$ClientTickEvent":"net.minecraftforge.event.TickEvent$ClientTickEvent","de.maxhenkel.gravestone.corelib.death.PlayerDeathEvent":"de.maxhenkel.gravestone.corelib.death.PlayerDeathEvent","plus.dragons.createenchantmentindustry.api.PrintEntryRegisterEvent":"plus.dragons.createenchantmentindustry.api.PrintEntryRegisterEvent","net.minecraftforge.event.enchanting.EnchantmentLevelSetEvent":"net.minecraftforge.event.enchanting.EnchantmentLevelSetEvent","net.darkhax.effecttooltips.api.event.StatusEffectTooltipEvent":"net.darkhax.effecttooltips.api.event.StatusEffectTooltipEvent","net.minecraftforge.client.event.RegisterKeyMappingsEvent":"net.minecraftforge.client.event.RegisterKeyMappingsEvent","net.minecraftforge.event.level.SleepFinishedTimeEvent":"net.minecraftforge.event.level.SleepFinishedTimeEvent","net.minecraftforge.event.server.ServerStartingEvent":"net.minecraftforge.event.server.ServerStartingEvent","com.jozufozu.flywheel.event.ReloadRenderersEvent":"com.jozufozu.flywheel.event.ReloadRenderersEvent","net.minecraftforge.client.event.sound.SoundEvent$SoundSourceEvent":"net.minecraftforge.client.event.sound.SoundEvent$SoundSourceEvent","net.minecraftforge.event.entity.EntityMountEvent":"net.minecraftforge.event.entity.EntityMountEvent","net.minecraftforge.event.level.LevelEvent$Unload":"net.minecraftforge.event.level.LevelEvent$Unload","net.minecraftforge.client.event.RegisterParticleProvidersEvent":"net.minecraftforge.client.event.RegisterParticleProvidersEvent","net.minecraftforge.fml.event.lifecycle.FMLCommonSetupEvent":"net.minecraftforge.fml.event.lifecycle.FMLCommonSetupEvent","net.blay09.mods.balm.api.event.client.screen.ScreenInitEvent":"net.blay09.mods.balm.api.event.client.screen.ScreenInitEvent","net.minecraftforge.event.entity.player.PlayerInteractEvent$EntityInteractSpecific":"net.minecraftforge.event.entity.player.PlayerInteractEvent$EntityInteractSpecific","net.minecraftforge.client.event.TextureStitchEvent":"net.minecraftforge.client.event.TextureStitchEvent","net.minecraftforge.client.event.ScreenEvent$MouseButtonReleased":"net.minecraftforge.client.event.ScreenEvent$MouseButtonReleased","net.minecraftforge.client.event.ClientPlayerNetworkEvent$LoggingOut":"net.minecraftforge.client.event.ClientPlayerNetworkEvent$LoggingOut","net.minecraftforge.client.event.CustomizeGuiOverlayEvent":"net.minecraftforge.client.event.CustomizeGuiOverlayEvent","net.minecraftforge.client.event.RenderTooltipEvent$Color":"net.minecraftforge.client.event.RenderTooltipEvent$Color","net.minecraftforge.client.event.EntityRenderersEvent$CreateSkullModels":"net.minecraftforge.client.event.EntityRenderersEvent$CreateSkullModels","com.simibubi.create.api.event.PipeCollisionEvent$Flow":"com.simibubi.create.api.event.PipeCollisionEvent$Flow","net.minecraftforge.client.event.CustomizeGuiOverlayEvent$BossEventProgress":"net.minecraftforge.client.event.CustomizeGuiOverlayEvent$BossEventProgress","net.minecraftforge.client.event.RenderGuiEvent":"net.minecraftforge.client.event.RenderGuiEvent","net.minecraftforge.client.event.RenderPlayerEvent$Pre":"net.minecraftforge.client.event.RenderPlayerEvent$Pre","net.minecraftforge.client.event.sound.SoundEvent":"net.minecraftforge.client.event.sound.SoundEvent","com.momosoftworks.coldsweat.api.event.core.EdiblesRegisterEvent":"com.momosoftworks.coldsweat.api.event.core.EdiblesRegisterEvent","net.minecraftforge.client.event.ScreenEvent$KeyPressed":"net.minecraftforge.client.event.ScreenEvent$KeyPressed","net.minecraftforge.event.AnvilUpdateEvent":"net.minecraftforge.event.AnvilUpdateEvent","net.minecraftforge.event.entity.player.PlayerEvent$BreakSpeed":"net.minecraftforge.event.entity.player.PlayerEvent$BreakSpeed","net.minecraftforge.client.event.ScreenEvent$Render":"net.minecraftforge.client.event.ScreenEvent$Render","net.minecraftforge.client.event.ScreenEvent$Render$Post":"net.minecraftforge.client.event.ScreenEvent$Render$Post","net.minecraftforge.event.level.ChunkWatchEvent":"net.minecraftforge.event.level.ChunkWatchEvent","net.minecraftforge.fml.event.lifecycle.FMLConstructModEvent":"net.minecraftforge.fml.event.lifecycle.FMLConstructModEvent","net.minecraftforge.client.event.ScreenEvent$MouseButtonPressed$Pre":"net.minecraftforge.client.event.ScreenEvent$MouseButtonPressed$Pre","net.minecraftforge.event.entity.EntityEvent$EnteringSection":"net.minecraftforge.event.entity.EntityEvent$EnteringSection","net.minecraftforge.event.TickEvent":"net.minecraftforge.event.TickEvent","net.minecraftforge.event.AttachCapabilitiesEvent":"net.minecraftforge.event.AttachCapabilitiesEvent","net.minecraftforge.client.event.RenderTooltipEvent$GatherComponents":"net.minecraftforge.client.event.RenderTooltipEvent$GatherComponents","net.minecraftforge.event.entity.living.LivingHurtEvent":"net.minecraftforge.event.entity.living.LivingHurtEvent","net.minecraftforge.client.event.RenderHighlightEvent$Block":"net.minecraftforge.client.event.RenderHighlightEvent$Block","net.minecraftforge.event.entity.player.PlayerEvent$SaveToFile":"net.minecraftforge.event.entity.player.PlayerEvent$SaveToFile","net.minecraftforge.event.entity.living.MobEffectEvent$Added":"net.minecraftforge.event.entity.living.MobEffectEvent$Added","net.minecraftforge.client.event.ScreenEvent$RenderInventoryMobEffects":"net.minecraftforge.client.event.ScreenEvent$RenderInventoryMobEffects","net.blay09.mods.balm.api.event.client.screen.ScreenMouseEvent$Drag":"net.blay09.mods.balm.api.event.client.screen.ScreenMouseEvent$Drag","net.minecraftforge.event.level.BlockEvent":"net.minecraftforge.event.level.BlockEvent","org.zeith.hammerlib.event.fml.FMLFingerprintCheckEvent":"org.zeith.hammerlib.event.fml.FMLFingerprintCheckEvent","net.minecraftforge.event.entity.living.LivingSpawnEvent":"net.minecraftforge.event.entity.living.LivingSpawnEvent","com.momosoftworks.coldsweat.api.event.common.TempModifierEvent$Calculate":"com.momosoftworks.coldsweat.api.event.common.TempModifierEvent$Calculate","de.markusbordihn.adaptiveperformancetweakscore.server.ServerLoadEvent":"de.markusbordihn.adaptiveperformancetweakscore.server.ServerLoadEvent","net.minecraftforge.network.NetworkEvent":"net.minecraftforge.network.NetworkEvent","net.minecraftforge.client.event.ClientPlayerNetworkEvent$Clone":"net.minecraftforge.client.event.ClientPlayerNetworkEvent$Clone","net.minecraftforge.fml.event.config.ModConfigEvent":"net.minecraftforge.fml.event.config.ModConfigEvent","net.minecraftforge.event.brewing.PlayerBrewedPotionEvent":"net.minecraftforge.event.brewing.PlayerBrewedPotionEvent"}