{
    "net.minecraft.client.gui.screens.inventory.ContainerScreen": {
        "buttonHints": {
            "SETTINGS": {
                "top": -1
            },
            "MOVE_TO_CONTAINER": {
                "horizontalOffset": 49,
                "bottom": 1
            },
            "MOVE_TO_PLAYER": {
                "horizontalOffset": 57
            },
            "SORT": {
                "horizontalOffset": 10
            },
            "SORT_COLUMNS": {
                "horizontalOffset": 11
            },
            "SORT_ROWS": {
                "horizontalOffset": 12
            }
        }
    },
    "slimeknights.tconstruct.smeltery.client.screen.HeatingStructureScreen": {
        "buttonHints": {
            "SORT": {
                "horizontalOffset": 1
            }
        }
    },
    "slimeknights.tconstruct.smeltery.menu.HeatingStructureContainerMenu": {
        "ignore": true
    },
    "net.minecraft.client.gui.screens.inventory.InventoryScreen": {
        "buttonHints": {
            "SORT_ROWS": {
                "horizontalOffset": 36
            }
        }
    }
}